timestamp;price_daa;price_ida1;price_id1
2025-09-29 00:00:00+02:00;50;50;50
2025-09-29 00:15:00+02:00;;50;50
2025-09-29 00:30:00+02:00;;50;50
2025-09-29 00:45:00+02:00;;50;50
2025-09-29 01:00:00+02:00;50;50;50
2025-09-29 01:15:00+02:00;;50;50
2025-09-29 01:30:00+02:00;;50;50
2025-09-29 01:45:00+02:00;;50;50
2025-09-29 02:00:00+02:00;50;50;50
2025-09-29 02:15:00+02:00;;50;50
2025-09-29 02:30:00+02:00;;50;50
2025-09-29 02:45:00+02:00;;50;50
2025-09-29 03:00:00+02:00;50;50;50
2025-09-29 03:15:00+02:00;;50;50
2025-09-29 03:30:00+02:00;;50;50
2025-09-29 03:45:00+02:00;;50;50
2025-09-29 04:00:00+02:00;50;50;50
2025-09-29 04:15:00+02:00;;50;50
2025-09-29 04:30:00+02:00;;50;50
2025-09-29 04:45:00+02:00;;50;50
2025-09-29 05:00:00+02:00;50;50;50
2025-09-29 05:15:00+02:00;;50;50
2025-09-29 05:30:00+02:00;;50;50
2025-09-29 05:45:00+02:00;;50;50
2025-09-29 06:00:00+02:00;50;50;60
2025-09-29 06:15:00+02:00;;50;60
2025-09-29 06:30:00+02:00;;50;50
2025-09-29 06:45:00+02:00;;50;50
2025-09-29 07:00:00+02:00;50;50;50
2025-09-29 07:15:00+02:00;;50;50
2025-09-29 07:30:00+02:00;;50;50
2025-09-29 07:45:00+02:00;;50;50
2025-09-29 08:00:00+02:00;50;50;50
2025-09-29 08:15:00+02:00;;50;50
2025-09-29 08:30:00+02:00;;50;50
2025-09-29 08:45:00+02:00;;50;50
2025-09-29 09:00:00+02:00;80;70;70
2025-09-29 09:15:00+02:00;;70;70
2025-09-29 09:30:00+02:00;;70;70
2025-09-29 09:45:00+02:00;;70;100
2025-09-29 10:00:00+02:00;80;70;70
2025-09-29 10:15:00+02:00;;70;70
2025-09-29 10:30:00+02:00;;70;100
2025-09-29 10:45:00+02:00;;70;70
2025-09-29 11:00:00+02:00;50;50;50
2025-09-29 11:15:00+02:00;;50;50
2025-09-29 11:30:00+02:00;;50;50
2025-09-29 11:45:00+02:00;;50;50
2025-09-29 12:00:00+02:00;50;50;50
2025-09-29 12:15:00+02:00;;50;50
2025-09-29 12:30:00+02:00;;50;50
2025-09-29 12:45:00+02:00;;50;50
2025-09-29 13:00:00+02:00;28;50;50
2025-09-29 13:15:00+02:00;;50;50
2025-09-29 13:30:00+02:00;;18;18
2025-09-29 13:45:00+02:00;;18;18
2025-09-29 14:00:00+02:00;28;18;18
2025-09-29 14:15:00+02:00;;18;18
2025-09-29 14:30:00+02:00;;18;18
2025-09-29 14:45:00+02:00;;18;18
2025-09-29 15:00:00+02:00;50;18;-10
2025-09-29 15:15:00+02:00;;18;18
2025-09-29 15:30:00+02:00;;50;50
2025-09-29 15:45:00+02:00;;50;50
2025-09-29 16:00:00+02:00;50;50;50
2025-09-29 16:15:00+02:00;;50;50
2025-09-29 16:30:00+02:00;;50;50
2025-09-29 16:45:00+02:00;;50;50
2025-09-29 17:00:00+02:00;50;50;50
2025-09-29 17:15:00+02:00;;50;50
2025-09-29 17:30:00+02:00;;50;50
2025-09-29 17:45:00+02:00;;50;50
2025-09-29 18:00:00+02:00;50;50;50
2025-09-29 18:15:00+02:00;;50;50
2025-09-29 18:30:00+02:00;;50;50
2025-09-29 18:45:00+02:00;;50;50
2025-09-29 19:00:00+02:00;50;50;50
2025-09-29 19:15:00+02:00;;50;50
2025-09-29 19:30:00+02:00;;50;50
2025-09-29 19:45:00+02:00;;50;50
2025-09-29 20:00:00+02:00;50;50;50
2025-09-29 20:15:00+02:00;;50;50
2025-09-29 20:30:00+02:00;;50;50
2025-09-29 20:45:00+02:00;;50;50
2025-09-29 21:00:00+02:00;50;50;50
2025-09-29 21:15:00+02:00;;50;50
2025-09-29 21:30:00+02:00;;50;50
2025-09-29 21:45:00+02:00;;50;50
2025-09-29 22:00:00+02:00;50;50;50
2025-09-29 22:15:00+02:00;;50;50
2025-09-29 22:30:00+02:00;;50;50
2025-09-29 22:45:00+02:00;;50;50
2025-09-29 23:00:00+02:00;50;50;50
2025-09-29 23:15:00+02:00;;50;50
2025-09-29 23:30:00+02:00;;50;50
2025-09-29 23:45:00+02:00;;50;50
2025-09-30 00:00:00+02:00;60;58;57
2025-09-30 00:15:00+02:00;;58;57
2025-09-30 00:30:00+02:00;;58;57
2025-09-30 00:45:00+02:00;;58;57
2025-09-30 01:00:00+02:00;60;58;57
2025-09-30 01:15:00+02:00;;58;57
2025-09-30 01:30:00+02:00;;58;57
2025-09-30 01:45:00+02:00;;58;57
2025-09-30 02:00:00+02:00;60;58;57
2025-09-30 02:15:00+02:00;;58;57
2025-09-30 02:30:00+02:00;;58;57
2025-09-30 02:45:00+02:00;;58;57
2025-09-30 03:00:00+02:00;60;58;57
2025-09-30 03:15:00+02:00;;58;57
2025-09-30 03:30:00+02:00;;58;57
2025-09-30 03:45:00+02:00;;58;57
2025-09-30 04:00:00+02:00;60;58;57
2025-09-30 04:15:00+02:00;;58;57
2025-09-30 04:30:00+02:00;;58;57
2025-09-30 04:45:00+02:00;;58;57
2025-09-30 05:00:00+02:00;60;58;57
2025-09-30 05:15:00+02:00;;58;57
2025-09-30 05:30:00+02:00;;58;57
2025-09-30 05:45:00+02:00;;58;57
2025-09-30 06:00:00+02:00;60;58;57
2025-09-30 06:15:00+02:00;;58;57
2025-09-30 06:30:00+02:00;;58;57
2025-09-30 06:45:00+02:00;;58;57
2025-09-30 07:00:00+02:00;60;58;57
2025-09-30 07:15:00+02:00;;58;57
2025-09-30 07:30:00+02:00;;58;57
2025-09-30 07:45:00+02:00;;58;57
2025-09-30 08:00:00+02:00;60;58;57
2025-09-30 08:15:00+02:00;;58;57
2025-09-30 08:30:00+02:00;;58;57
2025-09-30 08:45:00+02:00;;58;57
2025-09-30 09:00:00+02:00;60;58;57
2025-09-30 09:15:00+02:00;;58;57
2025-09-30 09:30:00+02:00;;58;57
2025-09-30 09:45:00+02:00;;58;57
2025-09-30 10:00:00+02:00;60;58;57
2025-09-30 10:15:00+02:00;;58;57
2025-09-30 10:30:00+02:00;;58;57
2025-09-30 10:45:00+02:00;;58;57
2025-09-30 11:00:00+02:00;60;58;57
2025-09-30 11:15:00+02:00;;58;57
2025-09-30 11:30:00+02:00;;58;57
2025-09-30 11:45:00+02:00;;58;57
2025-09-30 12:00:00+02:00;60;58;57
2025-09-30 12:15:00+02:00;;58;57
2025-09-30 12:30:00+02:00;;58;57
2025-09-30 12:45:00+02:00;;58;57
2025-09-30 13:00:00+02:00;60;58;57
2025-09-30 13:15:00+02:00;;58;57
2025-09-30 13:30:00+02:00;;58;57
2025-09-30 13:45:00+02:00;;58;57
2025-09-30 14:00:00+02:00;60;58;57
2025-09-30 14:15:00+02:00;;58;57
2025-09-30 14:30:00+02:00;;58;57
2025-09-30 14:45:00+02:00;;58;57
2025-09-30 15:00:00+02:00;60;58;57
2025-09-30 15:15:00+02:00;;58;57
2025-09-30 15:30:00+02:00;;58;57
2025-09-30 15:45:00+02:00;;58;57
2025-09-30 16:00:00+02:00;60;58;57
2025-09-30 16:15:00+02:00;;58;57
2025-09-30 16:30:00+02:00;;58;57
2025-09-30 16:45:00+02:00;;58;57
2025-09-30 17:00:00+02:00;60;58;57
2025-09-30 17:15:00+02:00;;58;57
2025-09-30 17:30:00+02:00;;58;57
2025-09-30 17:45:00+02:00;;58;57
2025-09-30 18:00:00+02:00;60;58;57
2025-09-30 18:15:00+02:00;;58;57
2025-09-30 18:30:00+02:00;;58;57
2025-09-30 18:45:00+02:00;;58;57
2025-09-30 19:00:00+02:00;60;58;57
2025-09-30 19:15:00+02:00;;58;57
2025-09-30 19:30:00+02:00;;58;57
2025-09-30 19:45:00+02:00;;58;57
2025-09-30 20:00:00+02:00;60;58;57
2025-09-30 20:15:00+02:00;;58;57
2025-09-30 20:30:00+02:00;;58;57
2025-09-30 20:45:00+02:00;;58;57
2025-09-30 21:00:00+02:00;60;58;57
2025-09-30 21:15:00+02:00;;58;57
2025-09-30 21:30:00+02:00;;58;57
2025-09-30 21:45:00+02:00;;58;57
2025-09-30 22:00:00+02:00;60;58;57
2025-09-30 22:15:00+02:00;;58;57
2025-09-30 22:30:00+02:00;;58;57
2025-09-30 22:45:00+02:00;;58;57
2025-09-30 23:00:00+02:00;60;58;57
2025-09-30 23:15:00+02:00;;58;57
2025-09-30 23:30:00+02:00;;58;57
2025-09-30 23:45:00+02:00;;58;57
2025-10-01 00:00:00+02:00;20;50;50
2025-10-01 00:15:00+02:00;20;50;50
2025-10-01 00:30:00+02:00;20;50;50
2025-10-01 00:45:00+02:00;20;50;50
2025-10-01 01:00:00+02:00;20;50;50
2025-10-01 01:15:00+02:00;20;50;50
2025-10-01 01:30:00+02:00;20;50;50
2025-10-01 01:45:00+02:00;20;50;50
2025-10-01 02:00:00+02:00;20;50;50
2025-10-01 02:15:00+02:00;20;50;50
2025-10-01 02:30:00+02:00;20;50;50
2025-10-01 02:45:00+02:00;20;50;50
2025-10-01 03:00:00+02:00;20;50;50
2025-10-01 03:15:00+02:00;20;50;50
2025-10-01 03:30:00+02:00;20;50;50
2025-10-01 03:45:00+02:00;20;50;50
2025-10-01 04:00:00+02:00;20;50;50
2025-10-01 04:15:00+02:00;20;50;50
2025-10-01 04:30:00+02:00;20;50;50
2025-10-01 04:45:00+02:00;20;50;50
2025-10-01 05:00:00+02:00;20;50;50
2025-10-01 05:15:00+02:00;20;50;50
2025-10-01 05:30:00+02:00;20;50;50
2025-10-01 05:45:00+02:00;20;50;50
2025-10-01 06:00:00+02:00;20;50;50
2025-10-01 06:15:00+02:00;20;50;50
2025-10-01 06:30:00+02:00;20;50;50
2025-10-01 06:45:00+02:00;20;50;50
2025-10-01 07:00:00+02:00;20;50;50
2025-10-01 07:15:00+02:00;20;50;50
2025-10-01 07:30:00+02:00;20;50;50
2025-10-01 07:45:00+02:00;20;50;50
2025-10-01 08:00:00+02:00;20;50;50
2025-10-01 08:15:00+02:00;20;50;50
2025-10-01 08:30:00+02:00;20;50;50
2025-10-01 08:45:00+02:00;20;50;50
2025-10-01 09:00:00+02:00;20;50;50
2025-10-01 09:15:00+02:00;20;50;50
2025-10-01 09:30:00+02:00;20;50;50
2025-10-01 09:45:00+02:00;20;50;50
2025-10-01 10:00:00+02:00;20;50;50
2025-10-01 10:15:00+02:00;20;50;50
2025-10-01 10:30:00+02:00;20;50;50
2025-10-01 10:45:00+02:00;20;50;50
2025-10-01 11:00:00+02:00;20;50;50
2025-10-01 11:15:00+02:00;20;50;50
2025-10-01 11:30:00+02:00;20;50;50
2025-10-01 11:45:00+02:00;20;50;50
2025-10-01 12:00:00+02:00;20;50;50
2025-10-01 12:15:00+02:00;20;50;50
2025-10-01 12:30:00+02:00;20;50;50
2025-10-01 12:45:00+02:00;20;50;50
2025-10-01 13:00:00+02:00;20;50;50
2025-10-01 13:15:00+02:00;20;50;50
2025-10-01 13:30:00+02:00;20;50;50
2025-10-01 13:45:00+02:00;20;50;50
2025-10-01 14:00:00+02:00;20;50;50
2025-10-01 14:15:00+02:00;20;50;50
2025-10-01 14:30:00+02:00;20;50;50
2025-10-01 14:45:00+02:00;20;50;50
2025-10-01 15:00:00+02:00;20;50;50
2025-10-01 15:15:00+02:00;20;50;50
2025-10-01 15:30:00+02:00;20;50;50
2025-10-01 15:45:00+02:00;20;50;50
2025-10-01 16:00:00+02:00;20;50;50
2025-10-01 16:15:00+02:00;20;50;50
2025-10-01 16:30:00+02:00;20;50;50
2025-10-01 16:45:00+02:00;20;50;50
2025-10-01 17:00:00+02:00;20;50;50
2025-10-01 17:15:00+02:00;20;50;50
2025-10-01 17:30:00+02:00;20;50;50
2025-10-01 17:45:00+02:00;20;50;50
2025-10-01 18:00:00+02:00;20;50;50
2025-10-01 18:15:00+02:00;20;50;50
2025-10-01 18:30:00+02:00;20;50;50
2025-10-01 18:45:00+02:00;20;50;50
2025-10-01 19:00:00+02:00;20;50;50
2025-10-01 19:15:00+02:00;20;50;50
2025-10-01 19:30:00+02:00;20;50;50
2025-10-01 19:45:00+02:00;20;50;50
2025-10-01 20:00:00+02:00;20;50;50
2025-10-01 20:15:00+02:00;20;50;50
2025-10-01 20:30:00+02:00;20;50;50
2025-10-01 20:45:00+02:00;20;50;50
2025-10-01 21:00:00+02:00;20;50;50
2025-10-01 21:15:00+02:00;20;50;50
2025-10-01 21:30:00+02:00;20;50;50
2025-10-01 21:45:00+02:00;20;50;50
2025-10-01 22:00:00+02:00;20;50;50
2025-10-01 22:15:00+02:00;20;50;50
2025-10-01 22:30:00+02:00;20;50;50
2025-10-01 22:45:00+02:00;20;50;50
2025-10-01 23:00:00+02:00;20;50;50
2025-10-01 23:15:00+02:00;20;50;50
2025-10-01 23:30:00+02:00;20;50;50
2025-10-01 23:45:00+02:00;20;50;50
2025-10-02 00:00:00+02:00;20;20;20
2025-10-02 00:15:00+02:00;;20;20
2025-10-02 00:30:00+02:00;;20;20
2025-10-02 00:45:00+02:00;;20;20
2025-10-02 01:00:00+02:00;20;20;20
2025-10-02 01:15:00+02:00;;20;20
2025-10-02 01:30:00+02:00;;20;20
2025-10-02 01:45:00+02:00;;20;20
2025-10-02 02:00:00+02:00;20;20;20
2025-10-02 02:15:00+02:00;;20;20
2025-10-02 02:30:00+02:00;;20;20
2025-10-02 02:45:00+02:00;;20;20
2025-10-02 03:00:00+02:00;20;20;10
2025-10-02 03:15:00+02:00;;20;10
2025-10-02 03:30:00+02:00;;20;-30
2025-10-02 03:45:00+02:00;;20;0
2025-10-02 04:00:00+02:00;20;20;20
2025-10-02 04:15:00+02:00;;20;20
2025-10-02 04:30:00+02:00;;20;20
2025-10-02 04:45:00+02:00;;20;20
2025-10-02 05:00:00+02:00;20;20;20
2025-10-02 05:15:00+02:00;;20;20
2025-10-02 05:30:00+02:00;;20;20
2025-10-02 05:45:00+02:00;;20;20
2025-10-02 06:00:00+02:00;40;20;20
2025-10-02 06:15:00+02:00;;20;20
2025-10-02 06:30:00+02:00;;20;20
2025-10-02 06:45:00+02:00;;20;20
2025-10-02 07:00:00+02:00;60;40;40
2025-10-02 07:15:00+02:00;;40;40
2025-10-02 07:30:00+02:00;;40;40
2025-10-02 07:45:00+02:00;;40;40
2025-10-02 08:00:00+02:00;80;60;60
2025-10-02 08:15:00+02:00;;60;60
2025-10-02 08:30:00+02:00;;60;80
2025-10-02 08:45:00+02:00;;60;80
2025-10-02 09:00:00+02:00;60;60;80
2025-10-02 09:15:00+02:00;;60;300
2025-10-02 09:30:00+02:00;;60;320
2025-10-02 09:45:00+02:00;;60;200
2025-10-02 10:00:00+02:00;40;60;160
2025-10-02 10:15:00+02:00;;60;100
2025-10-02 10:30:00+02:00;;60;60
2025-10-02 10:45:00+02:00;;60;60
2025-10-02 11:00:00+02:00;20;60;40
2025-10-02 11:15:00+02:00;;60;40
2025-10-02 11:30:00+02:00;;60;40
2025-10-02 11:45:00+02:00;;60;40
2025-10-02 12:00:00+02:00;20;40;20
2025-10-02 12:15:00+02:00;;40;20
2025-10-02 12:30:00+02:00;;40;20
2025-10-02 12:45:00+02:00;;40;20
2025-10-02 13:00:00+02:00;20;20;20
2025-10-02 13:15:00+02:00;;20;20
2025-10-02 13:30:00+02:00;;20;20
2025-10-02 13:45:00+02:00;;20;20
2025-10-02 14:00:00+02:00;20;20;20
2025-10-02 14:15:00+02:00;;20;20
2025-10-02 14:30:00+02:00;;20;20
2025-10-02 14:45:00+02:00;;20;20
2025-10-02 15:00:00+02:00;20;20;20
2025-10-02 15:15:00+02:00;;20;20
2025-10-02 15:30:00+02:00;;20;20
2025-10-02 15:45:00+02:00;;20;20
2025-10-02 16:00:00+02:00;20;20;20
2025-10-02 16:15:00+02:00;;20;20
2025-10-02 16:30:00+02:00;;20;20
2025-10-02 16:45:00+02:00;;20;20
2025-10-02 17:00:00+02:00;20;20;20
2025-10-02 17:15:00+02:00;;20;20
2025-10-02 17:30:00+02:00;;20;20
2025-10-02 17:45:00+02:00;;20;20
2025-10-02 18:00:00+02:00;20;20;20
2025-10-02 18:15:00+02:00;;20;20
2025-10-02 18:30:00+02:00;;20;20
2025-10-02 18:45:00+02:00;;20;20
2025-10-02 19:00:00+02:00;20;20;20
2025-10-02 19:15:00+02:00;;20;20
2025-10-02 19:30:00+02:00;;20;20
2025-10-02 19:45:00+02:00;;20;20
2025-10-02 20:00:00+02:00;20;20;20
2025-10-02 20:15:00+02:00;;20;20
2025-10-02 20:30:00+02:00;;20;20
2025-10-02 20:45:00+02:00;;20;20
2025-10-02 21:00:00+02:00;20;20;20
2025-10-02 21:15:00+02:00;;20;20
2025-10-02 21:30:00+02:00;;20;20
2025-10-02 21:45:00+02:00;;20;20
2025-10-02 22:00:00+02:00;20;20;20
2025-10-02 22:15:00+02:00;;20;20
2025-10-02 22:30:00+02:00;;20;20
2025-10-02 22:45:00+02:00;;20;20
2025-10-02 23:00:00+02:00;20;20;20
2025-10-02 23:15:00+02:00;;20;20
2025-10-02 23:30:00+02:00;;20;20
2025-10-02 23:45:00+02:00;;20;20
2025-10-03 00:00:00+02:00;20;20;20
2025-10-03 00:15:00+02:00;;20;20
2025-10-03 00:30:00+02:00;;20;20
2025-10-03 00:45:00+02:00;;20;20
2025-10-03 01:00:00+02:00;20;20;20
2025-10-03 01:15:00+02:00;;20;20
2025-10-03 01:30:00+02:00;;20;20
2025-10-03 01:45:00+02:00;;20;20
2025-10-03 02:00:00+02:00;20;20;20
2025-10-03 02:15:00+02:00;;20;20
2025-10-03 02:30:00+02:00;;20;20
2025-10-03 02:45:00+02:00;;20;20
2025-10-03 03:00:00+02:00;20;20;20
2025-10-03 03:15:00+02:00;;20;20
2025-10-03 03:30:00+02:00;;20;20
2025-10-03 03:45:00+02:00;;20;20
2025-10-03 04:00:00+02:00;20;20;20
2025-10-03 04:15:00+02:00;;20;20
2025-10-03 04:30:00+02:00;;20;20
2025-10-03 04:45:00+02:00;;20;20
2025-10-03 05:00:00+02:00;20;20;20
2025-10-03 05:15:00+02:00;;20;20
2025-10-03 05:30:00+02:00;;20;20
2025-10-03 05:45:00+02:00;;20;20
2025-10-03 06:00:00+02:00;40;20;20
2025-10-03 06:15:00+02:00;;20;20
2025-10-03 06:30:00+02:00;;20;20
2025-10-03 06:45:00+02:00;;20;20
2025-10-03 07:00:00+02:00;60;20;20
2025-10-03 07:15:00+02:00;;20;20
2025-10-03 07:30:00+02:00;;20;20
2025-10-03 07:45:00+02:00;;20;20
2025-10-03 08:00:00+02:00;80;20;20
2025-10-03 08:15:00+02:00;;20;20
2025-10-03 08:30:00+02:00;;20;20
2025-10-03 08:45:00+02:00;;20;20
2025-10-03 09:00:00+02:00;60;20;20
2025-10-03 09:15:00+02:00;;20;20
2025-10-03 09:30:00+02:00;;20;20
2025-10-03 09:45:00+02:00;;20;20
2025-10-03 10:00:00+02:00;40;20;20
2025-10-03 10:15:00+02:00;;20;20
2025-10-03 10:30:00+02:00;;20;20
2025-10-03 10:45:00+02:00;;20;20
2025-10-03 11:00:00+02:00;20;20;20
2025-10-03 11:15:00+02:00;;20;20
2025-10-03 11:30:00+02:00;;20;20
2025-10-03 11:45:00+02:00;;20;20
2025-10-03 12:00:00+02:00;20;20;20
2025-10-03 12:15:00+02:00;;20;20
2025-10-03 12:30:00+02:00;;20;20
2025-10-03 12:45:00+02:00;;20;20
2025-10-03 13:00:00+02:00;20;20;20
2025-10-03 13:15:00+02:00;;20;20
2025-10-03 13:30:00+02:00;;20;20
2025-10-03 13:45:00+02:00;;20;20
2025-10-03 14:00:00+02:00;20;20;20
2025-10-03 14:15:00+02:00;;20;20
2025-10-03 14:30:00+02:00;;20;20
2025-10-03 14:45:00+02:00;;20;20
2025-10-03 15:00:00+02:00;20;20;20
2025-10-03 15:15:00+02:00;;20;20
2025-10-03 15:30:00+02:00;;20;20
2025-10-03 15:45:00+02:00;;20;20
2025-10-03 16:00:00+02:00;20;20;20
2025-10-03 16:15:00+02:00;;20;20
2025-10-03 16:30:00+02:00;;20;20
2025-10-03 16:45:00+02:00;;20;20
2025-10-03 17:00:00+02:00;20;20;20
2025-10-03 17:15:00+02:00;;20;20
2025-10-03 17:30:00+02:00;;20;20
2025-10-03 17:45:00+02:00;;20;20
2025-10-03 18:00:00+02:00;20;20;20
2025-10-03 18:15:00+02:00;;20;20
2025-10-03 18:30:00+02:00;;20;20
2025-10-03 18:45:00+02:00;;20;20
2025-10-03 19:00:00+02:00;20;20;20
2025-10-03 19:15:00+02:00;;20;20
2025-10-03 19:30:00+02:00;;20;20
2025-10-03 19:45:00+02:00;;20;20
2025-10-03 20:00:00+02:00;20;20;20
2025-10-03 20:15:00+02:00;;20;20
2025-10-03 20:30:00+02:00;;20;20
2025-10-03 20:45:00+02:00;;20;20
2025-10-03 21:00:00+02:00;20;20;20
2025-10-03 21:15:00+02:00;;20;20
2025-10-03 21:30:00+02:00;;20;20
2025-10-03 21:45:00+02:00;;20;20
2025-10-03 22:00:00+02:00;20;20;20
2025-10-03 22:15:00+02:00;;20;20
2025-10-03 22:30:00+02:00;;20;20
2025-10-03 22:45:00+02:00;;20;20
2025-10-03 23:00:00+02:00;20;20;20
2025-10-03 23:15:00+02:00;;20;20
2025-10-03 23:30:00+02:00;;20;20
2025-10-03 23:45:00+02:00;;20;20
