DATE_FROM;DATE_TO;PRODUCT_TYPE;TENDER_NUMBER;PRODUCTNAME;GERMANY_DEMAND_[MW];GERMANY_SETTLEMENTCAPACITY_PRICE_[EUR/MW];GERMANY_DEFICIT(-)_SURPLUS(+)_[MW]
29.09.2025;29.09.2025;FCR;1;NEGPOS_00_04;584;20;110
29.09.2025;29.09.2025;FCR;1;NEGPOS_04_08;584;20;52
29.09.2025;29.09.2025;FCR;1;NEGPOS_08_12;584;35;20
29.09.2025;29.09.2025;FCR;1;NEGPOS_12_16;584;35;27
29.09.2025;29.09.2025;FCR;1;NEGPOS_16_20;584;20;62
29.09.2025;29.09.2025;FCR;1;NEGPOS_20_24;584;20;131
30.09.2025;30.09.2025;FCR;1;NEGPOS_00_04;584;40;110
30.09.2025;30.09.2025;FCR;1;NEGPOS_04_08;584;20;52
30.09.2025;30.09.2025;FCR;1;NEGPOS_08_12;584;20;20
30.09.2025;30.09.2025;FCR;1;NEGPOS_12_16;584;20;27
30.09.2025;30.09.2025;FCR;1;NEGPOS_16_20;584;20;62
30.09.2025;30.09.2025;FCR;1;NEGPOS_20_24;584;20;131
01.10.2025;01.10.2025;FCR;1;NEGPOS_00_04;584;32;110
01.10.2025;01.10.2025;FCR;1;NEGPOS_04_08;584;21;52
01.10.2025;01.10.2025;FCR;1;NEGPOS_08_12;584;43;20
01.10.2025;01.10.2025;FCR;1;NEGPOS_12_16;584;22;27
01.10.2025;01.10.2025;FCR;1;NEGPOS_16_20;584;27;62
01.10.2025;01.10.2025;FCR;1;NEGPOS_20_24;584;15;131
02.10.2025;02.10.2025;FCR;1;NEGPOS_00_04;584;20;110
02.10.2025;02.10.2025;FCR;1;NEGPOS_04_08;584;40;52
02.10.2025;02.10.2025;FCR;1;NEGPOS_08_12;584;60;20
02.10.2025;02.10.2025;FCR;1;NEGPOS_12_16;584;20;27
02.10.2025;02.10.2025;FCR;1;NEGPOS_16_20;584;20;62
02.10.2025;02.10.2025;FCR;1;NEGPOS_20_24;584;20;131
03.10.2025;03.10.2025;FCR;1;NEGPOS_00_04;584;60;110
03.10.2025;03.10.2025;FCR;1;NEGPOS_04_08;584;20;52
03.10.2025;03.10.2025;FCR;1;NEGPOS_08_12;584;20;20
03.10.2025;03.10.2025;FCR;1;NEGPOS_12_16;584;20;27
03.10.2025;03.10.2025;FCR;1;NEGPOS_16_20;584;20;62
03.10.2025;03.10.2025;FCR;1;NEGPOS_20_24;584;20;131
